type,rarity,vendor_value,id,icon,level,item_type,item_weight_class,quantity_rel,quantity_buys,unit_price_gold_buys,estimation_window_buys,quantity_sells,unit_price_gold_sells,estimation_window_sells,name,unit_price_gold_diff,profit,more_sells
CraftingMaterial,Basic,8,73296,https://render.guildwars2.com/file/C54E0F0C9F590CDDF97C0E1E7F73EBD4B96CEA70/1202006.png,0,NA,NA,1.2308043749679991e-6,5,3.0001,100000000,6,3.9999,50000000,Oiled Orichalcum Sword Hilt,0.9997999999999996,0.39981499999999937,1
CraftingMaterial,Exotic,0,83974,https://render.guildwars2.com/file/AE32B14EDC044A1D3DCB9D7271FC7C9E18BD4B3A/1847525.png,0,NA,NA,1.9692869999487983e-6,8,3.0005,100000000,7,4,50000000,Mordant Inscription,0.9994999999999998,0.39949999999999974,-1
Consumable,Fine,7,43484,https://render.guildwars2.com/file/066D559192F1D71D3EF85F5121CE807E1B64E000/849422.png,0,Unlock,NA,3.4462522499103976e-6,14,0.4502,100000000,2,0.9993,50000000,Recipe: Potent Master Tuning Crystals,0.5490999999999999,0.399205,-12
Consumable,Fine,11,41574,https://render.guildwars2.com/file/B609EB03A009033D5655159232E2B9436EB8B630/849269.png,0,Unlock,NA,1.2308043749679991e-6,5,3.0004,100000000,2,3.9995,50000000,Recipe: Bowl of Refugee's Beet Soup,0.9990999999999999,0.3991749999999996,-3
Consumable,Rare,5,86896,https://render.guildwars2.com/file/FFE3A6302A0409148059239E05C9064D5DAF1E04/561734.png,0,Unlock,NA,2.461608749935998e-7,1,4.026,100000000,1,5.2054,50000000,Grave Dye,1.1794000000000002,0.39859000000000044,0
CraftingMaterial,Basic,8,72009,https://render.guildwars2.com/file/BE2CDA603E7264D93FCDAF039677222E29D6ADE6/1313118.png,0,NA,NA,1.2308043749679991e-6,5,2.5,100000000,6,3.4077,50000000,Oiled Orichalcum Horn,0.9077000000000002,0.39654500000000015,1
Consumable,Fine,17,70883,https://render.guildwars2.com/file/05D61A61F037420BD92EA8509C7959796C432B6C/1201923.png,0.375,Utility,NA,4.923217499871996e-7,2,0.3253,100000000,4,0.8482,50000000,Writ of Studied Strength,0.5228999999999999,0.3956699999999999,2
Consumable,Rare,0,95502,https://render.guildwars2.com/file/E324A71DAAE59C2976E2C152EB7180559C2A9EAE/2571492.png,0,Transmutation,NA,2.461608749935998e-7,1,41.4144,100000000,2,49.1883,50000000,White Tiger Staff Skin,7.773899999999998,0.39565499999999787,1
Consumable,Masterwork,0,68628,https://render.guildwars2.com/file/450C05C377982313232647D7C8BD10D7555911E6/947645.png,0,Generic,NA,9.846434999743992e-7,4,0.4547,100000000,4,0.9999,50000000,Great Guild Firework,0.5452,0.395215,0
Consumable,Masterwork,31,12600,https://render.guildwars2.com/file/37630FFE1197A39AFCC7755D0A1161C87CB52793/455557.png,0.3125,Food,NA,4.923217499871996e-7,2,0.0941,100000000,19,0.5743,50000000,Feast of Sage-Stuffed Poultry,0.4802,0.394055,17
Consumable,Rare,5,79346,https://render.guildwars2.com/file/FFE3A6302A0409148059239E05C9064D5DAF1E04/561734.png,0,Unlock,NA,2.2154478749423985e-6,9,1.3483,100000000,1,2.0479,50000000,Bloodstone Dark Coral,0.6995999999999998,0.39241499999999974,-8
CraftingMaterial,Basic,8,84061,https://render.guildwars2.com/file/32E0DD6D98EBA2E409EC56AE0F72D7C007FFA929/1201814.png,0,NA,NA,3.2000913749167975e-6,13,0.607,100000000,2,1.1651,50000000,Warbeast Orichalcum Pauldron Casing,0.5581,0.383335,-11
Consumable,Fine,33,66523,https://render.guildwars2.com/file/0A1B25412E5500D60A729325932539909B0545D1/831439.png,1,Food,NA,2.461608749935998e-7,1,0.2116,100000000,5,0.6988,50000000,Bowl of Cactus Fruit Salad,0.48719999999999997,0.38237999999999994,4
Consumable,Fine,27,48920,https://render.guildwars2.com/file/066D559192F1D71D3EF85F5121CE807E1B64E000/849422.png,0,Unlock,NA,2.461608749935998e-7,1,3.0002,100000000,1,3.9789,50000000,Recipe: Toxic Focusing Crystal,0.9786999999999999,0.3818649999999999,0
Consumable,Rare,0,72772,https://render.guildwars2.com/file/99B30114157025E8E3C4EE9226E66E000A067B29/1322835.png,0,Unlock,NA,2.461608749935998e-7,1,0.8504,100000000,3,1.4493,50000000,Rogue Grymm Svaard,0.5989,0.381505,2
Consumable,Rare,5,89809,https://render.guildwars2.com/file/FFE3A6302A0409148059239E05C9064D5DAF1E04/561734.png,0,Unlock,NA,4.923217499871996e-7,2,25.96,100000000,1,30.99,50000000,Arcane Dye,5.029999999999998,0.3814999999999955,-1
CraftingMaterial,Basic,8,73499,https://render.guildwars2.com/file/1A1D189626FCC70A2DDD69F12BEAF76AD6721A6C/1201990.png,0,NA,NA,2.2154478749423985e-6,9,2.5,100000000,1,3.3895,50000000,Oiled Small Ancient Haft,0.8895,0.38107500000000005,-8
Weapon,Fine,8,24946,https://render.guildwars2.com/file/2696C7FBBB99549E700204A9A11F75B0D50CEC2E/65334.png,0.0375,Scepter,NA,7.384826249807994e-7,3,0.071,100000000,21,0.5289,50000000,Half Eaten Scepter,0.45790000000000003,0.378565,18
Consumable,Masterwork,15,12560,https://render.guildwars2.com/file/1857E907C20580B7F1CCEB7A60F6347D167F547E/455552.png,0.5,Food,NA,7.212513637312475e-5,293,0.04,100000000,11,0.4879,50000000,Tray of Chocolate Cherries,0.4479,0.374715,-282
Consumable,Masterwork,31,12644,https://render.guildwars2.com/file/9A35E606AB0CF4C31972223357CD75CA104B6330/455558.png,0.3125,Food,NA,7.384826249807994e-7,3,0.053900000000000003,100000000,3,0.4998,50000000,Feast of Bean Salad,0.4459,0.37093,0
CraftingMaterial,Exotic,0,83926,https://render.guildwars2.com/file/6401AD624F581D2A04160B04271A0208C70A4506/1766404.png,0,NA,NA,7.384826249807994e-7,3,3.2046,100000000,4,4.2042,50000000,Inscription of the Spearmarshal,0.9996,0.36897,1
Container,Basic,11,9351,https://render.guildwars2.com/file/EBC5CEC199D1E51B02756A1C796A65E9D24F04B5/63171.png,0,Default,NA,4.923217499871996e-7,2,0.4863,100000000,6,0.9997,50000000,Small Bag of Skritt Shinies,0.5134000000000001,0.36344499999999996,4
Consumable,Masterwork,15,71826,https://render.guildwars2.com/file/71BB9DEFFB0E0F2D50C1B5BB0B3B5D9FA9059DDA/1201846.png,1,Food,NA,2.461608749935998e-7,1,0.0581,100000000,5,0.4946,50000000,Bowl of Passion Fruit Tapioca Pudding,0.4365,0.36230999999999997,4
Consumable,Masterwork,31,12646,https://render.guildwars2.com/file/9A35E606AB0CF4C31972223357CD75CA104B6330/455558.png,0.3125,Food,NA,6.154021874839995e-5,250,0.0197,100000000,1,0.4493,50000000,Feast of Garlic Spinach Sautee,0.4296,0.362205,-249
CraftingMaterial,Rare,34,19964,https://render.guildwars2.com/file/7509CFE75E299EC34E04CF237D56C9075996A2DB/434393.png,0.625,NA,NA,1.4769652499615989e-6,6,0.3223,100000000,13,0.8009,50000000,Honed Intricate Cotton Insignia,0.47859999999999997,0.358465,7
Consumable,Fine,17,75199,https://render.guildwars2.com/file/FF06606621FE5C02007228C8B1A26B785301927F/1201965.png,0.375,Utility,NA,7.384826249807994e-7,3,0.3408,100000000,1,0.816,50000000,Thesis on Studied Accuracy,0.47519999999999996,0.3527999999999999,-2
CraftingMaterial,Masterwork,31,38166,https://render.guildwars2.com/file/DDC0E90BD06A9F3C3BC6134B510E00A2304FFE1A/526274.png,0,NA,NA,2.461608749935998e-7,1,0.7183,100000000,1,1.2599,50000000,Giver's Embroidered Silk Insignia,0.5416,0.352615,0
CraftingMaterial,Basic,7,83319,https://render.guildwars2.com/file/4693993375C307623D6ADE981A94D7A0056735AC/1201792.png,0,NA,NA,7.384826249807994e-7,3,0.7118,100000000,213,1.25,50000000,Warbeast Hardened Helmet Strap,0.5382,0.3507,210
CraftingMaterial,Rare,34,19945,https://render.guildwars2.com/file/DA5A52C1C7194F00627E08CFD8C345F3F70CA155/434374.png,0.625,NA,NA,2.9539304999231977e-6,12,0.4314,100000000,1,0.9197,50000000,Strong Steel Imbued Inscription,0.48829999999999996,0.3503449999999999,-11
Consumable,Rare,0,73700,https://render.guildwars2.com/file/902F9CAF293FFA1132A164D4B5B23475996DEA62/1203541.png,0,Transmutation,NA,2.461608749935998e-7,1,34.5,100000000,4,41.0002,50000000,Improvised Dagger Skin,6.5001999999999995,0.35016999999999854,3
Consumable,Rare,5,79692,https://render.guildwars2.com/file/FFE3A6302A0409148059239E05C9064D5DAF1E04/561734.png,0,Unlock,NA,2.461608749935998e-7,1,5.31,100000000,2,6.6586,50000000,Blue Orchid Dye,1.3486000000000002,0.34980999999999973,1
CraftingMaterial,Basic,6,13211,https://render.guildwars2.com/file/586EF85F41B337575D3274D49D2462550715C9AC/219644.png,0,NA,NA,7.384826249807994e-7,3,0.1177,100000000,67,0.55,50000000,Rugged Longcoat Panel,0.4323,0.3498,64
CraftingMaterial,Basic,8,83616,https://render.guildwars2.com/file/12D5D2097657E427F6023F33EED7FB25D9BC65F4/1201796.png,0,NA,NA,1.4769652499615989e-6,6,0.7493,100000000,5,1.2896,50000000,Warbeast Gossamer Pant Lining,0.5403000000000001,0.34686000000000006,-1
CraftingMaterial,Basic,8,74335,https://render.guildwars2.com/file/C3A5AA4619233641432E434218F67E404A23B609/1202002.png,0,NA,NA,2.4616087499359982e-6,10,2,100000000,5,2.7595,50000000,Oiled Orichalcum Shield Backing,0.7595000000000001,0.3455750000000002,-5
Consumable,Rare,0,86487,https://render.guildwars2.com/file/D70EFF56429A0201076704FF4F95B6627F20F21D/1914961.png,0,Transmutation,NA,2.461608749935998e-7,1,9.1001,100000000,3,11.1097,50000000,Glacial Focus Skin,2.0096000000000007,0.3431449999999998,2
Consumable,Masterwork,31,12645,https://render.guildwars2.com/file/9210EB9180989FC0ECA94E14FE5F376825A606E4/455573.png,0.3125,Food,NA,1.2308043749679991e-6,5,0.0833,100000000,7,0.4995,50000000,Tray of Garlic Bread,0.4162,0.341275,2
Consumable,Fine,33,66526,https://render.guildwars2.com/file/F1D79B29EE46550FDB06E93ED3B50B13FB500DF7/831442.png,1,Food,NA,1.2308043749679991e-6,5,0.0159,100000000,33,0.4146,50000000,Prickly Pear Stuffed Nopal,0.3987,0.33651,28
Trophy,Rare,0,70759,https://render.guildwars2.com/file/02C8490298FE3913CDF15B30126275DBC8FD94F9/66919.png,0,NA,NA,9.846434999743992e-7,4,0.523,100000000,2,1.011,50000000,Giant Mushroom Spore,0.4879999999999999,0.3363499999999998,-2
Consumable,Rare,5,79340,https://render.guildwars2.com/file/FFE3A6302A0409148059239E05C9064D5DAF1E04/561734.png,0,Unlock,NA,5.415539249859196e-6,22,1.4591,100000000,6,2.1089,50000000,Bloodstone Dark Indigo,0.6498000000000002,0.3334650000000001,-16
Bag,Fine,22,9448,https://render.guildwars2.com/file/F9AB2DC763770E5FD8B70B7E92D8EDEC58540872/63215.png,0,NA,NA,2.707769624929598e-6,11,0.8718,100000000,1,1.4099,50000000,15 Slot Invisible Pack,0.5380999999999999,0.326615,-10
Consumable,Masterwork,31,12599,https://render.guildwars2.com/file/66AF6A325EE9DDBD6621A06A1ADEF1E17295F207/455556.png,0.3125,Food,NA,6.400182749833595e-6,26,0.0139,100000000,7,0.3981,50000000,Feast of Pepper Steak Dinners,0.3842,0.32448499999999997,-19
CraftingMaterial,Basic,8,83342,https://render.guildwars2.com/file/602BEAA72F319BB8DD2C05D1CD5095D51DD3F73A/1201808.png,0,NA,NA,6.400182749833595e-6,26,0.2621,100000000,1,0.684,50000000,Warbeast Orichalcum Gauntlet Plates,0.42190000000000005,0.31930000000000003,-25
Consumable,Masterwork,0,38051,https://render.guildwars2.com/file/A791407B07DF1D12FF0A0B3803ADBF122CFC666C/526116.png,0,Generic,NA,9.846434999743992e-7,4,1.0004,100000000,2,1.5494,50000000,Winter Warband Festive Mortar,0.5490000000000002,0.31659000000000015,-2
CraftingMaterial,Rare,26,19939,https://render.guildwars2.com/file/93030B20E21E7E2778032F65A7369563632B7701/434368.png,0.4375,NA,NA,3.6924131249039974e-6,15,0.0574,100000000,1,0.4394,50000000,Vigorous Iron Imbued Inscription,0.382,0.31609,-14
Consumable,Rare,5,86022,https://render.guildwars2.com/file/FFE3A6302A0409148059239E05C9064D5DAF1E04/561734.png,0,Unlock,NA,2.461608749935998e-7,1,2.3875,100000000,1,3.1801,50000000,Mesa Dye,0.7925999999999997,0.31558499999999956,0
Consumable,Rare,5,80068,https://render.guildwars2.com/file/FFE3A6302A0409148059239E05C9064D5DAF1E04/561734.png,0,Unlock,NA,2.461608749935998e-7,1,8.9999,100000000,1,10.9555,50000000,Daybreak Dye,1.9556000000000004,0.31227499999999964,0
CraftingMaterial,Basic,8,75606,https://render.guildwars2.com/file/03E3FF096D3E7A0B02ED459DED2D07DA184E4C67/1201804.png,0,NA,NA,2.461608749935998e-7,1,1.311,100000000,65,1.9077,50000000,Oiled Orichalcum Boot Casing,0.5967,0.31054500000000007,64
Container,Basic,0,76998,https://render.guildwars2.com/file/CE03DDB7A10DE1AAC01606580171BB70040480BD/1202989.png,0,Default,NA,4.923217499871996e-7,2,0.7888,100000000,2,1.29,50000000,Deciphered Clues,0.5012000000000001,0.3077000000000001,0
Consumable,Fine,23,76870,https://render.guildwars2.com/file/FF06606621FE5C02007228C8B1A26B785301927F/1201965.png,0.5625,Utility,NA,3.4462522499103976e-6,14,0.5,100000000,2,0.95,50000000,Thesis on Calculated Accuracy,0.44999999999999996,0.3075,-12
Container,Fine,8,8957,https://render.guildwars2.com/file/A556C608FA19D4BF435608EC5A7607561C9F7C02/63185.png,0,Default,NA,2.461608749935998e-7,1,0.1218,100000000,12,0.5,50000000,Box of Simple Mighty Chain Armor,0.3782,0.30319999999999997,11
Weapon,Fine,12,24937,https://render.guildwars2.com/file/C6110F52DF5AFE0F00A56F9E143E9732176DDDE9/65015.png,0.0375,LongBow,NA,1.9692869999487983e-6,8,0.0314,100000000,2,0.3896,50000000,Half Eaten Longbow,0.3582,0.29976,-6
Consumable,Rare,0,95555,https://render.guildwars2.com/file/B2D377F9BC11C5DA4E9394E3DDFC40D97FCDA13C/2571480.png,0,Transmutation,NA,2.461608749935998e-7,1,40.5037,100000000,1,48,50000000,White Tiger Axe Skin,7.496299999999998,0.2962999999999951,0
CraftingMaterial,Basic,7,83931,https://render.guildwars2.com/file/E3A0AF110804C1953F1245AE2257E54FDFBB7A49/1201801.png,0,NA,NA,2.4616087499359982e-6,10,0.6472,100000000,2,1.1098,50000000,Warbeast Hardened Shoulderguard Padding,0.4625999999999999,0.2961299999999999,-8
Consumable,Rare,5,47903,https://render.guildwars2.com/file/FFE3A6302A0409148059239E05C9064D5DAF1E04/561734.png,0,Unlock,NA,2.4616087499359982e-6,10,0.8816,100000000,1,1.3784,50000000,Toxin Dye,0.4968,0.29003999999999996,-9
Bag,Fine,22,9491,https://render.guildwars2.com/file/045EA230DA805F952006F49802F8BEDA07F3C001/219387.png,0,NA,NA,7.384826249807994e-7,3,0.9142,100000000,1,1.4165,50000000,15 Slot Invisible Bag,0.5023000000000001,0.2898250000000001,-2
Trophy,Masterwork,0,77206,https://render.guildwars2.com/file/616CA09A677C9B41FCAE746DCD245F04084955D2/220960.png,0,NA,NA,8.615630624775994e-6,35,1.7534,100000000,1,2.4034,50000000,Amber Quantic Dipole,0.6499999999999999,0.2894899999999998,-34
Consumable,Rare,0,73199,https://render.guildwars2.com/file/A7F25D2BBEF519FA51CC0BA3081214C43E28E140/1201548.png,0,Unlock,NA,9.846434999743992e-7,4,0.3125,100000000,2,0.708,50000000,Recipe: 20-Slot Equipment Pact Box,0.39549999999999996,0.2893,-2
CraftingMaterial,Basic,5,13067,https://render.guildwars2.com/file/9DA100AEFC1C00D0AE6F65A8B1C05EADF34B6902/222994.png,0,NA,NA,9.846434999743992e-7,4,0.0924,100000000,2,0.446,50000000,Coarse Longcoat Panel,0.3536,0.2867,-2
CraftingMaterial,Rare,0,93417,https://render.guildwars2.com/file/13C5461A2B34D60E44E9170B3495132C6ECB426D/2292704.png,0,NA,NA,1.1323400249705591e-5,46,1.1517,100000000,2,1.6911,50000000,Tengu Echo Blade,0.5394000000000001,0.28573500000000007,-44
Consumable,Rare,5,86089,https://render.guildwars2.com/file/FFE3A6302A0409148059239E05C9064D5DAF1E04/561734.png,0,Unlock,NA,2.461608749935998e-7,1,3.9237,100000000,1,4.9493,50000000,Ruin Dye,1.0255999999999998,0.2832049999999997,0
CraftingMaterial,Exotic,0,90201,https://render.guildwars2.com/file/272BFDA5485572127E24F7D4E5409256DB58D9BC/63256.png,0,NA,NA,4.923217499871996e-7,2,3.9618,100000000,10,4.9924,50000000,Smell-Enhancing Culture,1.0305999999999997,0.2817399999999992,8
Bag,Fine,22,9486,https://render.guildwars2.com/file/0E6C68650215E57CA60159C0600CF6E5B8E111C8/219382.png,0,NA,NA,1.2308043749679991e-6,5,0.1437,100000000,2,0.4996,50000000,12 Slot Craftsman's Bag,0.3559,0.28096,-3
Consumable,Fine,12,72291,https://render.guildwars2.com/file/01BB37100CE8259252E33DEEA2A97755B0793C67/1201927.png,0.1875,Utility,NA,4.923217499871996e-7,2,0.1399,100000000,29,0.4951,50000000,Writ of Accuracy,0.35519999999999996,0.28093499999999993,27
Consumable,Rare,5,79309,https://render.guildwars2.com/file/FFE3A6302A0409148059239E05C9064D5DAF1E04/561734.png,0,Unlock,NA,9.846434999743992e-7,4,1.1626,100000000,2,1.6926,50000000,Bloodstone Indigo,0.53,0.2761100000000001,-2
Consumable,Fine,12,71928,https://render.guildwars2.com/file/9031FCDE2A1C01FC087E72FEF60B4C0690A3AAB0/1201546.png,0.1875,Utility,NA,2.461608749935998e-7,1,0.4714,100000000,2,0.879,50000000,Writ of Basic Speed,0.4076,0.27575,1
Consumable,Masterwork,15,12551,https://render.guildwars2.com/file/2BF01B2F0D55FE754294BCBE0E4C2CCBF2B3F7C5/455551.png,0.3125,Food,NA,7.384826249807994e-7,3,0.0722,100000000,11,0.409,50000000,Tray of Chocolate Bananas,0.3368,0.27545,8
Consumable,Rare,0,79681,https://render.guildwars2.com/file/17A975B9EC09AD08BD0769DB7C05E000C09AB423/1508075.png,0,Transmutation,NA,9.846434999743992e-7,4,9.1019,100000000,1,11.0313,50000000,Gargoyle Shield Skin,1.9293999999999993,0.2747049999999991,-3
Bag,Fine,22,9449,https://render.guildwars2.com/file/3678F6E7ED982EC19C0EAD42A80B6CB612D7E46A/63216.png,0,NA,NA,9.846434999743992e-7,4,1.4352,100000000,1,2.0093,50000000,15 Slot Oiled Pack,0.5741,0.272705,-3
CraftingMaterial,Fine,6,62974,https://render.guildwars2.com/file/53C241CC0F7DDD2CD6B1F2BB3504491849F60A3D/866755.png,0,NA,NA,6.154021874839995e-5,250,0.0643,100000000,15,0.3942,50000000,Sturdy Tailor's Tools,0.32989999999999997,0.27076999999999996,-235
Container,Basic,18,9329,https://render.guildwars2.com/file/EBC5CEC199D1E51B02756A1C796A65E9D24F04B5/63171.png,0,Default,NA,4.923217499871996e-7,2,0.2236,100000000,3,0.58,50000000,Bag of Laboratory Materials,0.35639999999999994,0.2694,1
Consumable,Rare,0,92641,https://render.guildwars2.com/file/DDDD57015C1D2A9BD079D8690D4312DB48603EE0/2242844.png,0,Transmutation,NA,2.461608749935998e-7,1,8.1035,100000000,4,9.85,50000000,Draconic Rifle Skin,1.7464999999999993,0.26899999999999835,3
CraftingMaterial,Masterwork,17,62955,https://render.guildwars2.com/file/7D68CDA2A53E2F600911A66F7B44D35E0D77FFD1/866742.png,0,NA,NA,3.6924131249039974e-6,15,0.071,100000000,11,0.3996,50000000,Practical Leatherworker's Tools,0.3286,0.26866,-4
Consumable,Fine,23,72572,https://render.guildwars2.com/file/1CC57807AA08CC0CCFBF70B4B8D39A7EC9A577B1/1201886.png,0.5625,Utility,NA,2.461608749935998e-7,1,0.0993,100000000,1,0.4326,50000000,Writ of Calculated Malice,0.3333,0.26841,0
Consumable,Rare,0,69005,https://render.guildwars2.com/file/7EE59851A564EB352B04224852EC2B4278AC07AA/960266.png,0,Transmutation,NA,2.461608749935998e-7,1,21.4025,100000000,2,25.4905,50000000,Shadow Sword Skin,4.088000000000001,0.26442499999999924,1
UpgradeComponent,Masterwork,5,24828,https://render.guildwars2.com/file/9F12213103E017ACA475F10A3220C0D5DD58B50C/221139.png,0,Rune,NA,4.923217499871996e-7,2,0.1101,100000000,2,0.4385,50000000,Minor Rune of the Adventurer,0.3284,0.262625,0
MiniPet,Exotic,0,81980,https://render.guildwars2.com/file/1D6CE8D00DDC054349B6595AEBD52FCD467FF948/1729379.png,0,NA,NA,2.4616087499359982e-6,10,3.129,100000000,2,3.9895,50000000,Mini GL-XC S7S,0.8605,0.26207499999999984,-8
CraftingMaterial,Exotic,0,83264,https://render.guildwars2.com/file/447507A83576091059A53471BCFA94565C9E45D9/1766405.png,0,NA,NA,4.923217499871996e-7,2,1.3356,100000000,2,1.8787,50000000,Insignia of the Spearmarshal,0.5431000000000001,0.26129500000000005,0
Consumable,Fine,4,75060,https://render.guildwars2.com/file/FF06606621FE5C02007228C8B1A26B785301927F/1201965.png,0,Utility,NA,3.6924131249039974e-6,15,0.0451,100000000,1,0.3492,50000000,Thesis on Basic Accuracy,0.30410000000000004,0.25172000000000005,-14
Consumable,Rare,5,49525,https://render.guildwars2.com/file/FFE3A6302A0409148059239E05C9064D5DAF1E04/561734.png,0,Unlock,NA,2.461608749935998e-7,1,4.52,100000000,1,5.61,50000000,Amenity Dye,1.0900000000000007,0.24850000000000083,0
Consumable,Rare,5,49528,https://render.guildwars2.com/file/FFE3A6302A0409148059239E05C9064D5DAF1E04/561734.png,0,Unlock,NA,2.461608749935998e-7,1,5.0224,100000000,1,6.1998,50000000,Perseverance Dye,1.1773999999999996,0.2474299999999996,0
Gizmo,Masterwork,0,94045,https://render.guildwars2.com/file/A9C5C9AD4595ADE6270A5AFD72D4E653B8529548/2332434.png,0,Default,NA,2.4616087499359982e-6,10,0.3966,100000000,3,0.7574,50000000,Masterwork Black Lion Dye Canisterâ€”Yellow,0.36079999999999995,0.24718999999999997,-7
Consumable,Rare,0,95570,https://render.guildwars2.com/file/2ECAFE33B3D3DB43C1016236C2C65DF102197A06/2571484.png,0,Transmutation,NA,2.461608749935998e-7,1,43.0005,100000000,1,50.8791,50000000,White Tiger Hammer Skin,7.878599999999999,0.24673499999999393,0
Consumable,Masterwork,0,94033,https://render.guildwars2.com/file/A9C5C9AD4595ADE6270A5AFD72D4E653B8529548/2332434.png,0,Unlock,NA,2.461608749935998e-7,1,0.6035,100000000,2,0.9998,50000000,Pineapple Dye,0.3963,0.24632999999999994,1
Consumable,Rare,0,79652,https://render.guildwars2.com/file/2A1738BAFE5554FE3B4D12B6BFEFAA133268F309/1507968.png,0,Transmutation,NA,4.923217499871996e-7,2,8.5,100000000,1,10.2897,50000000,Gargoyle Longbow Skin,1.7896999999999998,0.24624500000000005,-1
CraftingMaterial,Basic,7,13233,https://render.guildwars2.com/file/76D4602745F0DBEA44ECBB3A2B17C13A55B80634/219666.png,0,NA,NA,4.923217499871996e-7,2,0.5767,100000000,6,0.9677,50000000,Hardened Boot Upper,0.391,0.24584499999999998,4
Consumable,Rare,0,88411,https://render.guildwars2.com/file/55310CE74A51580E0917B2A12F6160DFA894BAB6/2028888.png,0,Transmutation,NA,7.384826249807994e-7,3,33.3334,100000000,3,39.4995,50000000,Equinox Focus Skin,6.1661,0.24117499999999836,0
CraftingMaterial,Masterwork,7,71730,https://render.guildwars2.com/file/35F24DD1950E3EE53BC6C3EBFD36470BBC781592/1201880.png,0,NA,NA,2.461608749935998e-7,1,0.68,100000000,6,1.0835,50000000,Bag of Radiant Energy,0.40349999999999986,0.24097499999999983,5
Consumable,Rare,5,70364,https://render.guildwars2.com/file/FFE3A6302A0409148059239E05C9064D5DAF1E04/561734.png,0,Unlock,NA,1.7231261249551988e-6,7,1.1815,100000000,1,1.669,50000000,Crushed Bone Dye,0.48750000000000004,0.23714999999999997,-6
Consumable,Basic,0,79848,https://render.guildwars2.com/file/406E4FB20CFB2AE91F5DBEC89FE5CE7FA2D7CEC5/1601500.png,0,Food,NA,1.2308043749679991e-6,5,1.002,100000000,1,1.454,50000000,Offering Basket,0.45199999999999996,0.2339,-4
Weapon,Fine,12,24942,https://render.guildwars2.com/file/2F4509F15B48B1A9F1579D08539F4109972A31A4/65162.png,0.0375,Hammer,NA,6.154021874839995e-6,25,0.0893,100000000,2,0.3793,50000000,Half Eaten Hammer,0.29000000000000004,0.233105,-23
UpgradeComponent,Masterwork,5,24831,https://render.guildwars2.com/file/E45FAD920C2E2CFC6FB61463064AC403B732C919/221142.png,0,Rune,NA,4.923217499871996e-7,2,0.1062,100000000,2,0.3988,50000000,Minor Rune of the Brawler,0.29259999999999997,0.23278,0
Consumable,Rare,0,95535,https://render.guildwars2.com/file/B2451C2602004B99380508127CC42F11D551C6ED/2571490.png,0,Transmutation,NA,2.461608749935998e-7,1,42.2733,100000000,1,50,50000000,White Tiger Shield Skin,7.726700000000001,0.226700000000001,0
Consumable,Rare,0,96660,https://render.guildwars2.com/file/07C3734F5A270A5CA2CE315A7EBC104FE0E845E3/2595530.png,0,Transmutation,NA,2.461608749935998e-7,1,21.0247,100000000,2,25,50000000,Red Crane Short Bow Skin,3.9753000000000007,0.22530000000000072,1
UpgradeComponent,Masterwork,5,24834,https://render.guildwars2.com/file/62B3584D672417EB01DB4302E6767F04507B9390/221144.png,0,Rune,NA,7.384826249807994e-7,3,0.4004,100000000,6,0.7277,50000000,Minor Rune of the Scholar,0.32730000000000004,0.21814500000000003,3
Consumable,Masterwork,0,84676,https://render.guildwars2.com/file/34A8DB7C74E02075D5235CCBDE1DAA2FEDEDB35A/740227.png,0,Utility,NA,9.846434999743992e-7,4,0.3412,100000000,52,0.6562,50000000,Mystery Quaggan Tonic,0.315,0.21656999999999998,48
Consumable,Rare,5,88289,https://render.guildwars2.com/file/FFE3A6302A0409148059239E05C9064D5DAF1E04/561734.png,0,Unlock,NA,2.461608749935998e-7,1,7.2305,100000000,1,8.7597,50000000,Auric Dye,1.5292000000000003,0.21524500000000035,0
Consumable,Rare,0,35729,https://render.guildwars2.com/file/D74536FCCE724265DD0C44E4E8BD14E3EE1FD851/486250.png,0,Generic,NA,4.923217499871996e-7,2,0.7141,100000000,2,1.0888,50000000,Mystic Forge Node,0.37470000000000003,0.21138,0
CraftingMaterial,Basic,5,13127,https://render.guildwars2.com/file/C596061EA5B40064DEF008212746737794219ABD/222862.png,0,NA,NA,9.846434999743992e-7,4,0.0552,100000000,11,0.311,50000000,Steel Splint Chestplate Panel,0.2558,0.20914999999999997,7
Weapon,Fine,14,30053,https://render.guildwars2.com/file/D73ABC4D270CCB3016E0B66E0FC9975E19ABC3B9/434762.png,0.05,Harpoon,NA,6.154021874839995e-5,250,0.0044,100000000,12,0.2489,50000000,Asuran Harpoon,0.24450000000000002,0.20716500000000002,-238
CraftingMaterial,Basic,3,13034,https://render.guildwars2.com/file/0EFDA21C1E80772FE0344CA54C294F03BA94FFA3/63522.png,0,NA,NA,6.154021874839995e-6,25,0.0073,100000000,1,0.2479,50000000,Wool Footwear Upper,0.2406,0.203415,-24
Weapon,Fine,10,29410,https://render.guildwars2.com/file/415D42C379B3AE75721E59D76E5F170926C416C1/65228.png,0.0625,Mace,NA,2.461608749935998e-7,1,0.001,100000000,5,0.2376,50000000,Copper Mace,0.2366,0.20096,4
Weapon,Fine,12,24945,https://render.guildwars2.com/file/167018D742BBF5120BE4ACE80DE5B049089D20F2/62700.png,0.0375,Rifle,NA,2.732385712428958e-5,111,0.0116,100000000,1,0.2499,50000000,Half Eaten Rifle,0.2383,0.200815,-110
CraftingMaterial,Basic,3,13027,https://render.guildwars2.com/file/BF72B6DB46083EACD5971EB5B5BC09B03B0FBB06/63515.png,0,NA,NA,9.846434999743992e-7,4,0.0545,100000000,52,0.2997,50000000,Wool Vestments Panel,0.24520000000000003,0.200245,48
Consumable,Rare,5,80982,https://render.guildwars2.com/file/FFE3A6302A0409148059239E05C9064D5DAF1E04/561734.png,0,Unlock,NA,4.923217499871996e-7,2,11.6399,100000000,22,13.9292,50000000,Sunfire Lava Dye,2.289299999999999,0.19991999999999877,20
Consumable,Fine,11,41580,https://render.guildwars2.com/file/B609EB03A009033D5655159232E2B9436EB8B630/849269.png,0,Unlock,NA,7.384826249807994e-7,3,3.6304,100000000,14,4.5,50000000,Recipe: Bowl of Zesty Turnip Soup,0.8696000000000002,0.19459999999999988,11
CraftingMaterial,Basic,6,13217,https://render.guildwars2.com/file/1E1FA26E2FFC03A5CE0AD5A8D9E15E759BC46276/219650.png,0,NA,NA,9.846434999743992e-7,4,0.2102,100000000,6,0.4693,50000000,Rugged Trouser Panel,0.2591,0.188705,2
CraftingMaterial,Masterwork,7,73512,https://render.guildwars2.com/file/60A57261C201FBF54B177BFF181AE81D6AE87D2C/1201881.png,0,NA,NA,6.154021874839995e-6,25,0.2836,100000000,11,0.5529,50000000,Bag of Incandescent Energy,0.26929999999999993,0.18636499999999995,-14
UpgradeComponent,Masterwork,5,24801,https://render.guildwars2.com/file/66BDF9379C39466D2B9F4152FC401143C9CB804D/221123.png,0,Rune,NA,4.923217499871996e-7,2,0.377,100000000,4,0.6622,50000000,Minor Rune of the Mesmer,0.2852,0.18586999999999998,2
Consumable,Fine,12,12218,https://render.guildwars2.com/file/6C1A097B067AF164AF5E05F20800665BC754CABA/63302.png,0.25,Food,NA,6.154021874839995e-5,250,0.03,100000000,2,0.2539,50000000,Cheese Pizza,0.22390000000000002,0.185815,-248
Consumable,Rare,5,70308,https://render.guildwars2.com/file/FFE3A6302A0409148059239E05C9064D5DAF1E04/561734.png,0,Unlock,NA,2.461608749935998e-7,1,1.0806,100000000,3,1.4879,50000000,Carnage Orange Dye,0.4073,0.18411500000000003,2
CraftingMaterial,Basic,7,45864,https://render.guildwars2.com/file/1C0F4AF102404D150229CAC251D04E19085D02F8/699250.png,0,NA,NA,2.461608749935998e-7,1,10.0935,100000000,1,12.09,50000000,Elonian Boot Sole,1.9964999999999993,0.18299999999999983,0
Consumable,Rare,0,77684,https://render.guildwars2.com/file/09492402E20C2293BDAD0CFDD2EB1F922DF9EE3C/1341592.png,0,Unlock,NA,2.461608749935998e-7,1,0.9217,100000000,73,1.2989,50000000,Steampunk Tybalt,0.3772,0.1823649999999999,72
CraftingMaterial,Basic,4,12996,https://render.guildwars2.com/file/B2220E4D55E716CBC2B9D0B17EA84FD45341083F/63492.png,0,NA,NA,9.846434999743992e-7,4,0.0559,100000000,1,0.2799,50000000,Iron Spear Head,0.22399999999999998,0.18201499999999998,-3
Trophy,Rare,0,75638,https://render.guildwars2.com/file/BDEAEB0F2A28614313386FD41E07F1D10E4B5775/455860.png,0,NA,NA,9.846434999743992e-7,4,0.1169,100000000,2,0.3499,50000000,Coastal Lumber Core,0.23299999999999998,0.18051499999999998,-2
CraftingMaterial,Basic,8,71574,https://render.guildwars2.com/file/C70E6EDA211C4AC598D960C19360B2270C12FE97/1202005.png,0,NA,NA,2.461608749935998e-7,1,2.8,100000000,6,3.4999,50000000,Oiled Orichalcum Sword Blade,0.6999,0.17491499999999993,5
Consumable,Masterwork,15,12569,https://render.guildwars2.com/file/0C01474B67B04197A709B6D41BC6055DE1D07D5B/455553.png,0.6875,Food,NA,1.0117211962236952e-4,411,0.0293,100000000,5,0.2397,50000000,Tray of Chocolate Oranges,0.2104,0.174445,-406
CraftingMaterial,Basic,7,45863,https://render.guildwars2.com/file/79D1F902E6EA35A31DE6BE930C51C035ED9D516C/699249.png,0,NA,NA,2.461608749935998e-7,1,3.936,100000000,5,4.8358,50000000,Elonian Trouser Padding,0.8997999999999999,0.17443000000000008,4
CraftingMaterial,Basic,6,13145,https://render.guildwars2.com/file/2B223A9AD67D74423D9D2549D9C6665DF0D0E72C/340116.png,0,NA,NA,2.2154478749423985e-6,9,0.0407,100000000,4,0.25,50000000,Darksteel Legging Panel,0.20929999999999999,0.1718,-5
Consumable,Rare,5,78737,https://render.guildwars2.com/file/FFE3A6302A0409148059239E05C9064D5DAF1E04/561734.png,0,Unlock,NA,2.461608749935998e-7,1,5.6101,100000000,2,6.7996,50000000,Blue Steel Dye,1.1894999999999998,0.1695599999999997,1
Gizmo,Masterwork,0,93298,https://render.guildwars2.com/file/D0AFECD5BA201DB6220B2033F60E642C32F8E150/2281915.png,0,Default,NA,2.707769624929598e-6,11,0.3503,100000000,1,0.61,50000000,Masterwork Black Lion Dye Canisterâ€”Red,0.2597,0.16819999999999996,-10
Trophy,Basic,1,24455,https://render.guildwars2.com/file/A64CDE12565E07F00470D710377A5EAB5E953816/62264.png,0,NA,NA,9.846434999743992e-7,4,0.1487,100000000,2,0.3727,50000000,Skritt Artifact,0.22399999999999998,0.168095,-2
CraftingMaterial,Basic,8,13163,https://render.guildwars2.com/file/9F3BF31868DF01D8D1D5DF9D2EF4F79BCE4C46D5/219602.png,0,NA,NA,4.923217499871996e-7,2,0.203,100000000,7,0.4356,50000000,Orichalcum Chestplate Panel,0.23259999999999997,0.16725999999999996,5
Gizmo,Basic,0,71974,https://render.guildwars2.com/file/052198B6380E46FC9D6C1177AF5E4C2178FDAA3D/1204480.png,0,Default,NA,7.384826249807994e-7,3,0.0533,100000000,4,0.2593,50000000,Capacitive Bottle,0.20599999999999996,0.16710499999999995,1
Consumable,Rare,0,92647,https://render.guildwars2.com/file/C7FFCD06937F59183115DD077876564F793C49AB/2242707.png,0,Transmutation,NA,2.461608749935998e-7,1,8.0796,100000000,1,9.7017,50000000,Draconic Longbow Skin,1.6221000000000014,0.16684500000000035,0
Consumable,Rare,5,48924,https://render.guildwars2.com/file/FFE3A6302A0409148059239E05C9064D5DAF1E04/561734.png,0,Unlock,NA,2.461608749935998e-7,1,1.7486,100000000,4,2.2487,50000000,Blacklight Dye,0.5001,0.16279500000000002,3
CraftingMaterial,Masterwork,7,74637,https://render.guildwars2.com/file/0813FCA361C44A0C6E7EC1D73E037063440AB356/1201897.png,0,NA,NA,9.846434999743992e-7,4,0.1214,100000000,64,0.3332,50000000,Bag of Dolyak Chow,0.2118,0.16181999999999996,60
Weapon,Fine,8,24950,https://render.guildwars2.com/file/FA56C5DD5D7494F25D980E432BA129F44209ED0E/63136.png,0.0375,Torch,NA,4.923217499871996e-7,2,0.0012,100000000,1,0.1899,50000000,Half Eaten Torch,0.1887,0.160215,-1
Container,Basic,15,9360,https://render.guildwars2.com/file/EBC5CEC199D1E51B02756A1C796A65E9D24F04B5/63171.png,0,Default,NA,6.646343624827195e-6,27,0.0604,100000000,1,0.2586,50000000,Light Icy Bag,0.1982,0.15940999999999997,-26
CraftingMaterial,Basic,6,13213,https://render.guildwars2.com/file/74FC43ABECB704F90707DC1CD090FB055BE499AD/219646.png,0,NA,NA,2.2154478749423985e-6,9,0.1067,100000000,3,0.3086,50000000,Rugged Glove Panel,0.20189999999999997,0.15560999999999997,-6
CraftingMaterial,Exotic,0,82882,https://render.guildwars2.com/file/5A7931D7AA65B8DB4C15794F24A70D2A0D0AD2E7/1847530.png,0,NA,NA,1.4769652499615989e-6,6,5.3526,100000000,4,6.4777,50000000,Insignia of the Harrier,1.1250999999999998,0.1534449999999996,-2
Consumable,Rare,5,41751,https://render.guildwars2.com/file/FFE3A6302A0409148059239E05C9064D5DAF1E04/561734.png,0,Unlock,NA,2.461608749935998e-7,1,5.7203,100000000,6,6.9093,50000000,Shiver Sky Dye,1.189,0.15260500000000032,5
Consumable,Basic,6,38136,https://render.guildwars2.com/file/AC9C026ECA0FF6361B4DC2F157FED6B6A6DD075E/1322555.png,0,Generic,NA,2.707769624929598e-6,11,0.3635,100000000,1,0.6062,50000000,Small Dusty Wintersday Gift,0.24269999999999997,0.15177000000000002,-10
Consumable,Rare,5,87947,https://render.guildwars2.com/file/FFE3A6302A0409148059239E05C9064D5DAF1E04/561734.png,0,Unlock,NA,2.461608749935998e-7,1,5.0001,100000000,1,6.0605,50000000,Tar Dye,1.0604000000000005,0.15132499999999993,0
Consumable,Rare,5,95828,https://render.guildwars2.com/file/FFE3A6302A0409148059239E05C9064D5DAF1E04/561734.png,0,Unlock,NA,2.461608749935998e-7,1,50,100000000,2,59.0005,50000000,Benevolence Dye,9.000500000000002,0.15042499999999848,1
Consumable,Rare,0,69943,https://render.guildwars2.com/file/CDA77DDA29053AA0DD28E1B0D270511690022E0E/1010653.png,0,Transmutation,NA,2.461608749935998e-7,1,8.3504,100000000,1,10,50000000,Gallant Warhorn Skin,1.6495999999999995,0.1495999999999995,0
Gizmo,Basic,1,74323,https://render.guildwars2.com/file/B00B18CAC691356363F626EDCC67B71C11AED5A5/1201509.png,0,Default,NA,4.9232174998719965e-6,20,0.6925,100000000,20,0.9893,50000000,Guild Siege Golem Blueprints,0.29679999999999995,0.1484049999999999,0
Container,Exotic,0,87126,https://render.guildwars2.com/file/44E560A3D1C5DE7BE511192C36CA38CA550F9DDE/1947256.png,0,Default,NA,2.461608749935998e-7,1,4.7,100000000,1,5.7,50000000,Unopened Endless Branded Tonic,1,0.14499999999999957,0
Consumable,Rare,0,43903,https://render.guildwars2.com/file/BAD1D821C694294F0A3A41A9A10EE80D989526F9/603264.png,0,Transmutation,NA,2.461608749935998e-7,1,0.11,100000000,1,0.2999,50000000,Wind Catcher Skin,0.1899,0.14491500000000002,0
CraftingMaterial,Basic,8,12921,https://render.guildwars2.com/file/DF31A110E0CDD8F2984434D65720FFAA34B5F837/340039.png,0,NA,NA,2.461608749935998e-7,1,0.0431,100000000,25,0.22,50000000,Darksteel Pistol Barrel,0.1769,0.1439,24
Weapon,Exotic,0,83901,https://render.guildwars2.com/file/FB1E3A156A049055AE234A7F6863701D145E9806/1767375.png,1,Staff,NA,2.461608749935998e-7,1,0.7004,100000000,2,0.9917,50000000,Staff of the Lost of Severance,0.2913,0.14254500000000003,1
Weapon,Exotic,0,82528,https://render.guildwars2.com/file/267AB39E76164DB32296EFDE5FE7F6F93C49EAE2/1766694.png,1,Hammer,NA,2.4616087499359982e-6,10,0.4787,100000000,3,0.7289,50000000,Might of the Vindictive of Severance,0.2502,0.14086500000000002,-7
Consumable,Rare,0,74686,https://render.guildwars2.com/file/9E615DBF964144F4A67020E6DBAEC4757D3299C5/1322844.png,0,Unlock,NA,9.846434999743992e-7,4,0.4124,100000000,21,0.6475,50000000,Phalanx Turai Ossa,0.23509999999999998,0.13797499999999996,17
CraftingMaterial,Basic,8,73555,https://render.guildwars2.com/file/D8E97FC170697BD57D0F5463FA35BB461614450F/1201986.png,0,NA,NA,2.4616087499359982e-6,10,2.2,100000000,3,2.75,50000000,Oiled Ancient Rifle Stock,0.5499999999999998,0.13749999999999973,-7
Trophy,Exotic,0,82915,https://render.guildwars2.com/file/0AA7E02964F3B9CEBAC99404C36D7FC9E1CAA674/1766610.png,0,NA,NA,2.461608749935998e-7,1,0.1658,100000000,22,0.3548,50000000,Pile of Jacarandere,0.189,0.13578,21
CraftingMaterial,Basic,2,13053,https://render.guildwars2.com/file/B1D5471BF1A2F3CAE8242E025D557B30ADB5FED7/219573.png,0,NA,NA,2.461608749935998e-7,1,0.0022,100000000,25,0.1616,50000000,Green Harpoon,0.1594,0.13515999999999997,24
Consumable,Rare,0,69906,https://render.guildwars2.com/file/A5704FD10340B8174C0BBFDB6901C218DCD1A430/1010583.png,0,Transmutation,NA,2.461608749935998e-7,1,10.4419,100000000,1,12.4421,50000000,Gallant Focus Skin,2.0001999999999995,0.13388499999999937,0
CraftingMaterial,Basic,8,13195,https://render.guildwars2.com/file/E1EABE691E45C47861F9D9A7FC3846013C0551F0/219630.png,0,NA,NA,9.846434999743992e-7,4,0.3513,100000000,3,0.5708,50000000,Gossamer Coat Panel,0.21949999999999997,0.13387999999999994,-1
CraftingMaterial,Basic,7,13223,https://render.guildwars2.com/file/92C8B2267279EAC166FD5D09E0E31FC6EAB60276/219656.png,0,NA,NA,7.384826249807994e-7,3,0.1011,100000000,8,0.2758,50000000,Thick Longcoat Panel,0.1747,0.13332999999999998,5
Weapon,Exotic,0,83509,https://render.guildwars2.com/file/AE01100341DE7DB8EB64E3C946C6C92FD008BD59/1766086.png,1,LongBow,NA,2.4616087499359982e-6,10,2.0008,100000000,1,2.5093,50000000,Forged Bow,0.5085000000000002,0.13210500000000014,-9
CraftingMaterial,Basic,3,13121,https://render.guildwars2.com/file/9BA2163570E4504918E79507375AEE3E40C2DA06/340097.png,0,NA,NA,1.9692869999487983e-6,8,0.0312,100000000,4,0.192,50000000,Iron Scale Legging Panel,0.1608,0.132,-4
Consumable,Fine,4,73286,https://render.guildwars2.com/file/CAF306FED00FDB05BA5C4E55D5D17E4D07C1CB75/1201921.png,0,Utility,NA,1.2308043749679991e-6,5,0.1113,100000000,8,0.2858,50000000,Writ of Basic Strength,0.1745,0.13162999999999997,3
CraftingMaterial,Basic,2,13094,https://render.guildwars2.com/file/0412F11A3049DF7150CEB8DCD590E9A0CB03EE4E/63553.png,0,NA,NA,6.178637962339356e-5,251,0.0104,100000000,15,0.1662,50000000,Rawhide Chestguard Panel,0.1558,0.13087,-236
Gizmo,Basic,1,76483,https://render.guildwars2.com/file/AE01E2CC6B0E69457BB56334E5ECC30FC7FE21A5/1201510.png,0,Default,NA,1.230804374967999e-5,50,0.3218,100000000,26,0.5321,50000000,Guild Shield Generator Blueprint,0.21030000000000004,0.13048500000000002,-24
Trophy,Ascended,0,67015,https://render.guildwars2.com/file/0411420C4FB4B7287A006AD5B7AB0E41171009B6/855375.png,0,NA,NA,2.461608749935998e-7,1,13,100000000,1,15.4464,50000000,Heat Stone,2.4464000000000006,0.12944000000000067,0
CraftingMaterial,Basic,4,12874,https://render.guildwars2.com/file/0D0790661B11731765C1662975789D9E4C072E1C/63419.png,0,NA,NA,7.384826249807994e-7,3,0.0151,100000000,20,0.17,50000000,Iron Mace Head,0.1549,0.12940000000000002,17
Consumable,Masterwork,0,93291,https://render.guildwars2.com/file/FFE3A6302A0409148059239E05C9064D5DAF1E04/561734.png,0,Unlock,NA,2.461608749935998e-7,1,0.653,100000000,8,0.92,50000000,Watermelon Dye,0.267,0.129,7
Container,Masterwork,0,66895,https://render.guildwars2.com/file/10D455B90E0798977B23CF4A0699DE9F7FA7E41D/849426.png,0,Default,NA,2.461608749935998e-7,1,1.7805,100000000,1,2.2449,50000000,Unopened Crystal Shard Kite,0.4643999999999999,0.12766499999999992,0
Consumable,Fine,4,73595,https://render.guildwars2.com/file/AD27EA42ADD8A907F2FF6D2DA57F0EA722969509/1201926.png,0,Utility,NA,9.846434999743992e-7,4,0.0902,100000000,7,0.2563,50000000,Writ of Basic Accuracy,0.16609999999999997,0.12765499999999996,3
CraftingMaterial,Basic,3,13112,https://render.guildwars2.com/file/71D4F20A60294C6CA578E00EF10502255A5430D1/222854.png,0,NA,NA,2.2154478749423985e-6,9,0.0092,100000000,16,0.16,50000000,Iron Scale Armguard Panel,0.1508,0.12680000000000002,7
CraftingMaterial,Basic,8,12941,https://render.guildwars2.com/file/4943F4370C27E3201F4777A16BD8A77E26E0EC15/219545.png,0,NA,NA,7.877147999795193e-6,32,0.1853,100000000,2,0.3652,50000000,Ancient Longbow Stave,0.17990000000000003,0.12512000000000004,-30
CraftingMaterial,Basic,4,12850,https://render.guildwars2.com/file/D8BC642E4901B980082E576021BC21C7FBFD00F2/63408.png,0,NA,NA,9.846434999743993e-6,40,0.028,100000000,40,0.1795,50000000,Iron Axe Blade,0.1515,0.12457499999999999,0
UpgradeComponent,Masterwork,5,44959,https://render.guildwars2.com/file/13E6EFBC38DF95C6F62D0BBB55B8BC63C29BA806/619718.png,0.75,Rune,NA,8.861791499769594e-6,36,0.2553,100000000,3,0.4444,50000000,Minor Rune of Perplexity,0.1891,0.12244,-33
Weapon,Fine,12,24938,https://render.guildwars2.com/file/0EFDC626FD430DA00CD9240C95EC6DF0500DB45E/67068.png,0.0375,ShortBow,NA,2.461608749935998e-7,1,0.0092,100000000,20,0.1541,50000000,Half-Eaten Short Bow,0.14489999999999997,0.12178499999999999,19
Consumable,Rare,5,79358,https://render.guildwars2.com/file/FFE3A6302A0409148059239E05C9064D5DAF1E04/561734.png,0,Unlock,NA,4.430895749884797e-6,18,2.0213,100000000,2,2.5195,50000000,Bloodstone Violet,0.49819999999999975,0.12027499999999991,-16
CraftingMaterial,Basic,4,12872,https://render.guildwars2.com/file/EC69BD7EE42965F16A520E47C6C14DDBF67EA101/63418.png,0,NA,NA,1.206188287468639e-5,49,0.015,100000000,52,0.159,50000000,Bronze Mace Head,0.14400000000000002,0.12014999999999999,3
Consumable,Masterwork,0,36114,https://render.guildwars2.com/file/3313DA0547A14A1AC5BE4076FEFD275519E8DF0E/499418.png,0,Generic,NA,1.9692869999487986e-5,80,0.032,100000000,15,0.1776,50000000,Mummy Tonic,0.1456,0.11896000000000001,-65
Consumable,Fine,2,8824,https://render.guildwars2.com/file/3516DA351F99C892FE48143C390695CD5C386773/222742.png,0.3125,Utility,NA,1.230804374967999e-4,500,0.0108,100000000,2,0.1497,50000000,Minor Potion of Destroyer Slaying,0.1389,0.11644499999999999,-498
CraftingMaterial,Basic,8,12858,https://render.guildwars2.com/file/7F0EC84DF64A7939B40E1DCEDC5D06FFFD9FAC92/340020.png,0,NA,NA,2.461608749935998e-7,1,0.1124,100000000,7,0.2685,50000000,Orichalcum Dagger Blade,0.15610000000000002,0.11582500000000001,6
Consumable,Fine,4,76353,https://render.guildwars2.com/file/F405992EF406C9380B9052C118F8919D0C6E6EF9/1201964.png,0,Utility,NA,6.154021874839995e-5,250,0.12,100000000,1,0.2768,50000000,Thesis on Basic Malice,0.1568,0.11528,-249
CraftingMaterial,Basic,8,13206,https://render.guildwars2.com/file/09EFE24607D41F0CB0A7DB7A6ACC57CF0BADCD78/433692.png,0,NA,NA,6.154021874839995e-6,25,0.1652,100000000,2,0.3292,50000000,Gossamer Epaulet Panel,0.16399999999999998,0.11462,-23
CraftingMaterial,Basic,5,13073,https://render.guildwars2.com/file/6D5FB901DAC6B3E164F4BA11763AA5D8D899327E/222998.png,0,NA,NA,7.384826249807994e-7,3,0.0391,100000000,2,0.1794,50000000,Coarse Trouser Panel,0.1403,0.11338999999999999,-1
Consumable,Rare,0,73989,https://render.guildwars2.com/file/4F7146D75C146C3AC534C87C23731C9FBF2D7CA6/1322836.png,0,Unlock,NA,2.461608749935998e-7,1,1.0125,100000000,93,1.3232,50000000,Priory Grymm Svaard,0.3107,0.11221999999999999,92
Consumable,Rare,5,47901,https://render.guildwars2.com/file/FFE3A6302A0409148059239E05C9064D5DAF1E04/561734.png,0,Unlock,NA,2.3385283124391984e-5,95,0.9917,100000000,1,1.2974,50000000,Swampblack Dye,0.3057000000000001,0.11109000000000013,-94
CraftingMaterial,Basic,5,12871,https://render.guildwars2.com/file/FB141B3CB9E7A89EAD66BF9D06FC16233EBE71A6/63417.png,0,NA,NA,1.0584917624724792e-5,43,0.0375,100000000,1,0.1747,50000000,Steel Sword Blade,0.1372,0.11099499999999998,-42
Consumable,Rare,5,81590,https://render.guildwars2.com/file/FFE3A6302A0409148059239E05C9064D5DAF1E04/561734.png,0,Unlock,NA,2.461608749935998e-7,1,4.5137,100000000,2,5.44,50000000,Frozen Scales Dye,0.9263000000000003,0.11030000000000051,1
CraftingMaterial,Basic,2,13088,https://render.guildwars2.com/file/03492BBEE45A5EFAFCCD4B42D0200D92939C93DB/63547.png,0,NA,NA,1.230804374967999e-5,50,0.0202,100000000,1,0.15,50000000,Rawhide Legging Panel,0.1298,0.1073,-49
CraftingMaterial,Basic,4,13056,https://render.guildwars2.com/file/F505CD9B1CF6FC977446E338A4A4E726E8026432/219575.png,0,NA,NA,1.1815721999692791e-5,48,0.012,100000000,1,0.1385,50000000,Soft Harpoon,0.1265,0.10572500000000001,-47
CraftingMaterial,Basic,8,12821,https://render.guildwars2.com/file/EE1EAACDB79ECA661EDFD43E95242A027550AC54/219504.png,0,NA,NA,7.384826249807994e-7,3,0.0974,100000000,5,0.2389,50000000,Orichalcum Chain,0.14150000000000001,0.105665,2
Weapon,Exotic,0,83761,https://render.guildwars2.com/file/0B09674DD69E0EBD80E40F0797D398A2135070D6/1767336.png,1,Shield,NA,2.2154478749423985e-6,9,0.4867,100000000,4,0.6964,50000000,Gate of Good-Byes of Severance,0.2097,0.10524,-5
Consumable,Fine,8,38308,https://render.guildwars2.com/file/E4179338BBF1CC90037F1ECBD8164859EBE1399B/526297.png,0.0625,Food,NA,7.384826249807994e-7,3,0.0897,100000000,5,0.2283,50000000,Bowl of Candy Corn Ice Cream,0.1386,0.104355,2
CraftingMaterial,Basic,5,12925,https://render.guildwars2.com/file/E80BB6B69A019448DE3BEA2680F3DCCD0F60BFD5/63446.png,0,NA,NA,9.846434999743992e-7,4,0.0572,100000000,4,0.1897,50000000,Steel Pistol Barrel,0.1325,0.104045,0
CraftingMaterial,Basic,7,13232,https://render.guildwars2.com/file/FB926012044BF50C6AE52CD2BD64690C4D3472DC/219665.png,0,NA,NA,2.461608749935998e-7,1,0.3276,100000000,3,0.5076,50000000,Hardened Shoulderguard Panel,0.18000000000000005,0.10386000000000001,2
CraftingMaterial,Masterwork,7,73081,https://render.guildwars2.com/file/5E6E5FE939A96B553232A8A13D5223324202EA41/1201950.png,0,NA,NA,1.6492778624571188e-5,67,0.0392,100000000,31,0.167,50000000,Steel Reinforcing Plate,0.12780000000000002,0.10275,-36
Trophy,Rare,0,74683,https://render.guildwars2.com/file/F60B1FF22407E9492849FE0C4C37E699E4CAB956/223531.png,0,NA,NA,4.923217499871996e-7,2,0.5002,100000000,1,0.7087,50000000,Lamp Finial,0.20850000000000002,0.10219500000000004,-1
MiniPet,Exotic,0,79684,https://render.guildwars2.com/file/0A3FF84B151E1C7802012F4635FF6936023A46CD/1507925.png,0,NA,NA,5.661700124852796e-6,23,0.2744,100000000,38,0.4426,50000000,Mini Charles the Hellfire Skeleton,0.16820000000000002,0.10181000000000001,15
CraftingMaterial,Masterwork,7,73444,https://render.guildwars2.com/file/52CC520D4ED7EA650F3C70982F190EA90F520B3A/1201879.png,0,NA,NA,7.384826249807994e-7,3,0.3233,100000000,1,0.5,50000000,Bag of Shimmering Energy,0.17670000000000002,0.10170000000000001,-2
CraftingMaterial,Basic,8,13197,https://render.guildwars2.com/file/4A0A2E7A0A4508E2BEAA03C061420E27A599B404/219632.png,0,NA,NA,2.461608749935998e-7,1,0.2045,100000000,2,0.3592,50000000,Gossamer Gloves Panel,0.15470000000000003,0.10082000000000005,1
Consumable,Masterwork,10,20581,https://render.guildwars2.com/file/33DA50C5A7FD9D670F2D53C11C9254A3B7AB37DC/66651.png,0,Unlock,NA,3.2000913749167975e-6,13,0.1084,100000000,7,0.2459,50000000,Violet Tint Dye,0.1375,0.10061500000000001,-6
CraftingMaterial,Basic,4,12904,https://render.guildwars2.com/file/AB0467BF60AD551B76EC25B72B615D557C41B4CB/63436.png,0,NA,NA,2.9539304999231977e-6,12,0.01,100000000,9,0.1299,50000000,Iron Shield Backing,0.11989999999999999,0.10041499999999999,-3
CraftingMaterial,Basic,8,13203,https://render.guildwars2.com/file/604ED57C7DC45A5C796A24000DEA43C91CEBB365/219637.png,0,NA,NA,7.384826249807994e-7,3,0.2044,100000000,2,0.3584,50000000,Gossamer Helm Strap,0.154,0.10023999999999997,-1
CraftingMaterial,Basic,2,62973,https://render.guildwars2.com/file/53C241CC0F7DDD2CD6B1F2BB3504491849F60A3D/866755.png,0,NA,NA,6.0801736123419154e-5,247,0.0209,100000000,4,0.1425,50000000,Simple Tailor's Tools,0.12159999999999999,0.10022499999999998,-243
UpgradeComponent,Masterwork,5,24819,https://render.guildwars2.com/file/C050E563435C45C95FACD8553ECDBE54297EA8B4/221133.png,0,Rune,NA,4.923217499871996e-7,2,0.0588,100000000,1,0.1868,50000000,Minor Rune of the Warrior,0.128,0.09998000000000001,-1
CraftingMaterial,Basic,5,12919,https://render.guildwars2.com/file/DD6DE7677627FB2163C80467C31C9D185C6A07A8/63442.png,0,NA,NA,7.384826249807994e-7,3,0.0763,100000000,2,0.2063,50000000,Steel Rifle Barrel,0.13,0.099055,-1
CraftingMaterial,Basic,5,12865,https://render.guildwars2.com/file/B1EDAEF89239EFA57367EE1817435ADD01CC0BE5/63415.png,0,NA,NA,4.923217499871996e-7,2,0.04,100000000,1,0.1635,50000000,Steel Hammer Head,0.1235,0.09897500000000001,-1
CraftingMaterial,Basic,8,12947,https://render.guildwars2.com/file/3CE69E48604D16F63378B34F2014DC7CB8D0DF96/219548.png,0,NA,NA,7.384826249807994e-7,3,0.1984,100000000,5,0.3497,50000000,Ancient Short-Bow Stave,0.15130000000000002,0.09884499999999999,2
CraftingMaterial,Basic,6,13171,https://render.guildwars2.com/file/090D28355363B5D1F7CB6908BEE92ED9419D6B08/219610.png,0,NA,NA,4.430895749884797e-6,18,0.0777,100000000,16,0.2077,50000000,Linen Coat Panel,0.13,0.09884499999999997,-2
CraftingMaterial,Basic,6,12979,https://render.guildwars2.com/file/FDFA9C50B1BECD0EC4030F1A1A32F80FD4F40BA1/340053.png,0,NA,NA,1.4769652499615989e-6,6,0.0301,100000000,1,0.1507,50000000,Hard Scepter Rod,0.1206,0.09799499999999998,-5
CraftingMaterial,Basic,7,13231,https://render.guildwars2.com/file/DFA36C6D9E7650C75D01C5B523D74334DBD9B751/219664.png,0,NA,NA,2.461608749935998e-7,1,0.2002,100000000,27,0.3506,50000000,Hardened Boot Sole,0.15040000000000003,0.09781000000000001,26
CraftingMaterial,Basic,8,12846,https://render.guildwars2.com/file/C075571EC1D65BA9FDAB9BB340FB691898CC27B2/340016.png,0,NA,NA,2.707769624929598e-6,11,0.1448,100000000,11,0.284,50000000,Orichalcum Sword Hilt,0.13919999999999996,0.09659999999999996,0
Consumable,Rare,0,43379,https://render.guildwars2.com/file/07D6326D006B46EA07AC325C250D74B34A4425D1/591501.png,0,Transmutation,NA,7.384826249807994e-7,3,10.6969,100000000,1,12.6968,50000000,Dragon's Jade Warhammer Skin,1.9999000000000002,0.09538000000000046,-2
CraftingMaterial,Basic,8,71155,https://render.guildwars2.com/file/E7403E586B1998A6FB0BA54E92AB09D315CA4406/1202010.png,0,NA,NA,1.7231261249551988e-6,7,2.2,100000000,1,2.7,50000000,Oiled Hardened String,0.5,0.09499999999999975,-6
CraftingMaterial,Basic,8,12998,https://render.guildwars2.com/file/CDFD78B9F041170D6ABA47042ABDB448BC276C2D/340056.png,0,NA,NA,9.846434999743992e-7,4,0.0966,100000000,1,0.2245,50000000,Orichalcum Spear Head,0.1279,0.09422499999999999,-3
CraftingMaterial,Basic,3,13085,https://render.guildwars2.com/file/9B98C59939A953300E9F720366E73A465B4F0618/223022.png,0,NA,NA,3.1508591999180773e-5,128,0.0422,100000000,2,0.1593,50000000,Thin Legging Panel,0.1171,0.093205,-126
UpgradeComponent,Masterwork,5,24822,https://render.guildwars2.com/file/0C42C10329C0466810D84601192270FA55F6EDF4/221135.png,0,Rune,NA,2.9539304999231977e-6,12,0.0102,100000000,23,0.1202,50000000,Minor Rune of the Guardian,0.11,0.09197,11
CraftingMaterial,Basic,6,13179,https://render.guildwars2.com/file/2E2B0261B301582FE7083044A9F55FF61A9E4741/219617.png,0,NA,NA,6.646343624827195e-6,27,0.04,100000000,6,0.1551,50000000,Linen Helm Strap,0.11509999999999998,0.09183499999999997,-21
Gizmo,Exotic,0,42403,https://render.guildwars2.com/file/5917380D6E59B749C438C1FF0D4B63A3063A6B65/575057.png,0,Default,NA,2.461608749935998e-7,1,0.4307,100000000,482,0.6099,50000000,Infinite Molten Berserker Tonic,0.17919999999999997,0.08771499999999993,481
CraftingMaterial,Basic,5,13124,https://render.guildwars2.com/file/75F86703ABBC2B714344D47C09543778B591C232/340100.png,0,NA,NA,2.683153537430238e-5,109,0.0041,100000000,2,0.1079,50000000,Steel Splint Pauldron Casing,0.10379999999999999,0.08761499999999998,-107
Consumable,Rare,0,69239,https://render.guildwars2.com/file/ED064776A00FE6BB9B0866146A550B3FFCE321BB/960258.png,0,Transmutation,NA,2.461608749935998e-7,1,10.7015,100000000,1,12.6922,50000000,Shadow Rifle Skin,1.9907000000000004,0.08686999999999934,0
CraftingMaterial,Basic,3,13120,https://render.guildwars2.com/file/5003B506C9FC60A1CE7473B8E24AD4F73F136709/222878.png,0,NA,NA,2.461608749935998e-7,1,0.0255,100000000,15,0.132,50000000,Iron Scale Legging Lining,0.10650000000000001,0.08670000000000001,14
CraftingMaterial,Basic,3,13116,https://render.guildwars2.com/file/BAAF1909E8E76690BF0248DC137294B2EDB5B2BC/222852.png,0,NA,NA,1.1323400249705591e-5,46,0.0325,100000000,54,0.1395,50000000,Iron Scale Chest Panel,0.10700000000000001,0.08607500000000001,8
Consumable,Rare,5,94370,https://render.guildwars2.com/file/FFE3A6302A0409148059239E05C9064D5DAF1E04/561734.png,0,Unlock,NA,2.461608749935998e-7,1,8.0099,100000000,1,9.5243,50000000,Quartz Dye,1.5144000000000002,0.08575500000000069,0
CraftingMaterial,Basic,3,13113,https://render.guildwars2.com/file/C06A10BA569D46089E6FEC069F0B772D0A39B3A7/340089.png,0,NA,NA,6.154021874839995e-5,250,0.0042,100000000,15,0.1048,50000000,Iron Pauldron Casing,0.10060000000000001,0.08488000000000001,-235
CraftingMaterial,Fine,6,62950,https://render.guildwars2.com/file/0DEAEB1B3D9C46C60EE2E10C20EAA0767F047701/866737.png,0,NA,NA,1.8215904749526387e-5,74,0.085,100000000,9,0.1995,50000000,Sturdy Weaponsmith's Tools,0.1145,0.084575,-65
Trophy,Rare,0,82527,https://render.guildwars2.com/file/FBF6229179F8AE417EE56A0491F82329DA12CA67/1766604.png,0,NA,NA,4.923217499871996e-7,2,0.0842,100000000,97,0.1967,50000000,Dollop of Choya Harissa,0.11250000000000002,0.08299500000000001,95
CraftingMaterial,Fine,6,62956,https://render.guildwars2.com/file/13DC57BEDE723D3C1B3ABA6CC84701370FA84633/866743.png,0,NA,NA,7.384826249807994e-7,3,0.0555,100000000,1,0.1629,50000000,Sturdy Leatherworker's Tools,0.1074,0.08296499999999998,-2
Weapon,Fine,8,24947,https://render.guildwars2.com/file/222F72EDEC31ACB7BC439499F4DD4AA4A94A6C48/65373.png,0.0375,Shield,NA,8.861791499769594e-6,36,0.005,100000000,1,0.1023,50000000,Half Eaten Shield,0.0973,0.081955,-35
CraftingMaterial,Basic,7,13239,https://render.guildwars2.com/file/7C9A5ED5457B5AB422AD1E9D685BF2615CDE0A0E/219672.png,0,NA,NA,4.923217499871996e-7,2,0.1854,100000000,16,0.3144,50000000,Hardened Helmet Strap,0.129,0.08183999999999997,14
CraftingMaterial,Basic,8,13169,https://render.guildwars2.com/file/4DCA565B7430F0B226B0AD659D1AB1E0522B6702/219608.png,0,NA,NA,4.923217499871996e-7,2,0.1901,100000000,3,0.3191,50000000,Orichalcum Legging Panel,0.129,0.08113500000000001,1
CraftingMaterial,Basic,0,72845,https://render.guildwars2.com/file/07EAD9A5407D00259B59B0E8AB2A0CBD18CFBCB0/1203236.png,0,NA,NA,1.2308043749679991e-6,5,0.3018,100000000,3,0.4497,50000000,Bolt of Embroidered Silk,0.14789999999999998,0.08044499999999999,-2
Consumable,Masterwork,0,91842,https://render.guildwars2.com/file/D4276027EE4A9C47F418373965493D2BF2C3F81E/2191051.png,1,Food,NA,8.369469749782395e-6,34,0.4029,100000000,3,0.568,50000000,Plate of Eggs Benedict,0.16509999999999997,0.07989999999999997,-31
CraftingMaterial,Basic,5,13123,https://render.guildwars2.com/file/4F16336FA7AAB2E77D7F78ECBB481367315557FE/222860.png,0,NA,NA,6.154021874839995e-5,250,0.011,100000000,2,0.1066,50000000,Steel Splint Boot Casing,0.0956,0.07961,-248
UpgradeComponent,Masterwork,5,24816,https://render.guildwars2.com/file/9EB91FAC0E5A76C33B0A8074E0E1270D9A175A24/221131.png,0,Rune,NA,2.461608749935998e-7,1,0.0338,100000000,1,0.13,50000000,Minor Rune of the Thief,0.09620000000000001,0.0767,0
Consumable,Exotic,0,68626,https://render.guildwars2.com/file/D17C1D1F2C63EC022B130A944152DC6F78C40A0F/947646.png,0,Generic,NA,1.9692869999487983e-6,8,0.3511,100000000,8,0.5029,50000000,Visage of the Great Ram Firework,0.1518,0.07636499999999996,0
CraftingMaterial,Basic,5,12975,https://render.guildwars2.com/file/D3F74A2DF7CDEC63A8DEB02FD75719C1D42554F8/63475.png,0,NA,NA,4.923217499871996e-7,2,0.0523,100000000,2,0.1499,50000000,Seasoned Staff Shaft,0.0976,0.075115,0
CraftingMaterial,Basic,5,13129,https://render.guildwars2.com/file/3C2F4BF1A10E1CF6EB537706F7260CAC29B2C35E/222864.png,0,NA,NA,2.4616087499359982e-6,10,0.0305,100000000,7,0.124,50000000,Steel Splint Gauntlet Plates,0.0935,0.0749,-3
CraftingMaterial,Basic,5,12877,https://render.guildwars2.com/file/0392542240E76665FD0D78BB0C71F1BEE8B4A470/63420.png,0,NA,NA,7.384826249807994e-7,3,0.0609,100000000,8,0.1597,50000000,Steel Mace Head,0.0988,0.074845,5
CraftingMaterial,Masterwork,7,72265,https://render.guildwars2.com/file/E172E801F391555EA7321BD20BE399317D002679/1201890.png,0,NA,NA,1.8462065624519987e-4,750,0.0428,100000000,9,0.1382,50000000,Copper Reinforcing Plate,0.09539999999999998,0.07466999999999999,-741
Trophy,Rare,0,76541,https://render.guildwars2.com/file/CE71F8A2FF007163F898B8D82055A16E100209A8/1201970.png,0,NA,NA,9.846434999743992e-7,4,1.2069,100000000,27,1.5073,50000000,Visage of Dwayna,0.3004,0.07430499999999984,23
CraftingMaterial,Basic,6,12933,https://render.guildwars2.com/file/3B40BFADB5C97C650BFE15B6E70590444BCC0748/340043.png,0,NA,NA,2.461608749935998e-7,1,0.0278,100000000,6,0.12,50000000,Darksteel Horn,0.0922,0.07419999999999999,5
Gizmo,Exotic,0,36106,https://render.guildwars2.com/file/3313DA0547A14A1AC5BE4076FEFD275519E8DF0E/499418.png,0,Default,NA,2.44191587993651e-4,992,0.016,100000000,330,0.1055,50000000,Endless Halloween Tonic,0.0895,0.07367499999999999,-662
CraftingMaterial,Basic,6,13209,https://render.guildwars2.com/file/A4BAAB5F742B0D6E77A65BE8EFC006D7F0FD0BF5/219642.png,0,NA,NA,2.461608749935998e-7,1,0.0453,100000000,8,0.1397,50000000,Rugged Boot Upper,0.09439999999999998,0.07344499999999998,7
CraftingMaterial,Basic,0,12971,https://render.guildwars2.com/file/BBAC071EDC27462AA33B62AAD1BD4141675F2A79/63474.png,0,NA,NA,2.461608749935998e-5,100,0.0033,100000000,1,0.0898,50000000,Green Staff Shaft,0.08650000000000001,0.07303000000000001,-99
Gizmo,Basic,1,74677,https://render.guildwars2.com/file/CC3A6023CBFDD7386CA12D6E08A63E55E6E34875/1201508.png,0,Default,NA,9.846434999743992e-7,4,0.2111,100000000,43,0.3342,50000000,Guild Flame Ram Blueprint,0.12309999999999999,0.07296999999999998,39
CraftingMaterial,Basic,5,12913,https://render.guildwars2.com/file/3B650295A53A4147D9F8A6A9B82024D2913A30F4/63440.png,0,NA,NA,2.4616087499359982e-6,10,0.0178,100000000,2,0.1065,50000000,Steel Shield Boss,0.0887,0.072725,-8
Armor,Fine,7,4908,https://render.guildwars2.com/file/6A921C0335490C406B28FBA52C3ECE4862B94F2E/61246.png,0,Gloves,Light,6.129405787340636e-5,249,0.0024,100000000,1,0.0882,50000000,Darkvine Cloth Gloves,0.0858,0.07257,-248
Consumable,Fine,3,12192,https://render.guildwars2.com/file/950558031F21800DC0A7AA395FF0CEAD159A5503/63106.png,0,Food,NA,2.461608749935998e-7,1,0.0124,100000000,2,0.0988,50000000,Eggs Beetletun,0.0864,0.07158,1
CraftingMaterial,Basic,7,13237,https://render.guildwars2.com/file/DE997D1A0601107B3E7C505F99D9FAD90197DDD9/219670.png,0,NA,NA,7.384826249807994e-7,3,0.4896,100000000,1,0.6596,50000000,Hardened Glove Panel,0.16999999999999998,0.07105999999999996,-2
CraftingMaterial,Basic,4,12884,https://render.guildwars2.com/file/F02E17B793954195EE41A2515F7F4E7A0F3FD0E1/219526.png,0,NA,NA,8.861791499769594e-6,36,0.0085,100000000,48,0.0929,50000000,Bronze Greatsword Hilt,0.0844,0.070465,12
Trophy,Basic,2,19186,https://render.guildwars2.com/file/9E18F2CA80B88003787B9A619B34E5D2BDB1B9BA/65683.png,0,NA,NA,4.9232174998719965e-6,20,0.0408,100000000,5,0.1307,50000000,Hylek Armor,0.08990000000000001,0.070295,-15
UpgradeComponent,Masterwork,5,24754,https://render.guildwars2.com/file/F30630104F4D982F3FF0297C0E7AABA9B844DBBC/221093.png,0,Rune,NA,3.938573999897597e-6,16,0.2127,100000000,5,0.3306,50000000,Minor Rune of the Ogre,0.1179,0.06830999999999998,-11
CraftingMaterial,Basic,6,13136,https://render.guildwars2.com/file/CAD4299510BB983DE66948BDD3FDEBC6F5A8CC18/340112.png,0,NA,NA,6.154021874839995e-6,25,0.0044,100000000,10,0.0843,50000000,Darksteel Pauldron Casing,0.0799,0.067255,-15
CraftingMaterial,Basic,5,12907,https://render.guildwars2.com/file/0A0CEFB14E727CD54ED5E75A04945115B3075BA0/63437.png,0,NA,NA,2.461608749935998e-7,1,0.0182,100000000,77,0.0994,50000000,Steel Shield Backing,0.0812,0.06628999999999999,76
Consumable,Exotic,0,77692,https://render.guildwars2.com/file/A4F30C079E0FE4D72B2D4735F80FD4AE9C77BA0F/1341428.png,0,Generic,NA,2.535457012434078e-5,103,0.0131,100000000,6,0.0933,50000000,Visage of the Great Monkey Firework,0.0802,0.06620499999999999,-97
Consumable,Fine,0,92761,https://render.guildwars2.com/file/FFE3A6302A0409148059239E05C9064D5DAF1E04/561734.png,0,Unlock,NA,2.461608749935998e-7,1,0.1718,100000000,14,0.2794,50000000,Canopy Dye,0.10759999999999997,0.06568999999999997,13
Consumable,Rare,0,95545,https://render.guildwars2.com/file/CF97345D5F08FF49C49CB9339FD201D32D794767/2571041.png,0,Transmutation,NA,2.461608749935998e-7,1,33.6984,100000000,1,39.72,50000000,Abyss Stalker Dagger Skin,6.021599999999999,0.06360000000000099,0
Gizmo,Basic,1,39717,https://render.guildwars2.com/file/F5F5F3F5AA77BB4FA0D8C8B8A8B3DA4A60CAC2A4/561981.png,0,Default,NA,4.677056624878397e-6,19,0.2915,100000000,24,0.4172,50000000,Guild Trebuchet Blueprints,0.12570000000000003,0.06312000000000001,5
CraftingMaterial,Basic,5,13054,https://render.guildwars2.com/file/10B971031D60490CAE441C39C90B6A43114C9CA8/340060.png,0,NA,NA,2.732385712428958e-5,111,0.0142,100000000,7,0.0908,50000000,Hard Harpoon,0.0766,0.06298,-104
CraftingMaterial,Basic,2,62967,https://render.guildwars2.com/file/ACF90EDAA3767B9C363B92310D2BEE48DC04FC70/866732.png,0,NA,NA,6.154021874839995e-5,250,0.0022,100000000,1,0.0765,50000000,Simple Huntsman's Tools,0.0743,0.062825,-249
CraftingMaterial,Basic,3,13114,https://render.guildwars2.com/file/05DD07DB6AEFC3F917C40319BB0FDD6D027BEE07/222850.png,0,NA,NA,2.461608749935998e-7,1,0.0301,100000000,12,0.1092,50000000,Iron Scale Boot Panel,0.0791,0.06272,11
CraftingMaterial,Basic,6,13208,https://render.guildwars2.com/file/2DF8722F30DFA5E7B259FC967CB26B59C9444AF7/219641.png,0,NA,NA,9.846434999743992e-7,4,0.082,100000000,2,0.1699,50000000,Rugged Shoulderguard Panel,0.08789999999999999,0.062414999999999984,-2
CraftingMaterial,Basic,5,12859,https://render.guildwars2.com/file/0C03A8DDC52279EF2F7A0214AE067B0CFA4C1178/63412.png,0,NA,NA,9.846434999743992e-7,4,0.0822,100000000,46,0.1698,50000000,Steel Dagger Blade,0.08760000000000001,0.06213000000000002,42
CraftingMaterial,Basic,2,13019,https://render.guildwars2.com/file/58C349917FB40871B2E22F286C727F67117A0B09/63507.png,0,NA,NA,6.400182749833595e-6,26,0.0228,100000000,3,0.099,50000000,Jute Breeches Panel,0.0762,0.06135,-23
UpgradeComponent,Masterwork,5,38204,https://render.guildwars2.com/file/311A36D9165FFBDDE3A123EC937F450A3D1C2C99/526276.png,0,Rune,NA,6.006325349843836e-5,244,0.0153,100000000,1,0.09,50000000,Minor Rune of Altruism,0.0747,0.0612,-243
CraftingMaterial,Basic,4,12854,https://render.guildwars2.com/file/7DC9DC7A21803D19CD9FF87561CC983FF608C71C/63410.png,0,NA,NA,2.4616087499359982e-6,10,0.0227,100000000,8,0.0986,50000000,Bronze Dagger Blade,0.0759,0.06111,-2
Trophy,Rare,0,92037,https://render.guildwars2.com/file/0ADD2F974D66C6FA7518FD73103F130C6D174595/2199419.png,0,NA,NA,1.0584917624724792e-5,43,0.3953,100000000,1,0.5348,50000000,Ash Legion Key,0.13950000000000007,0.059280000000000055,-42
CraftingMaterial,Basic,5,12999,https://render.guildwars2.com/file/B22F29955EFA153A3C6A05222C5F9509BD47AFAD/63493.png,0,NA,NA,7.384826249807994e-7,3,0.0583,100000000,13,0.1383,50000000,Steel Spear Head,0.08000000000000002,0.05925500000000001,10
Consumable,Fine,4,72563,https://render.guildwars2.com/file/9BCA2930B6DB7C0D9C3F093026FFBD0C9BC00A78/1201883.png,0,Utility,NA,9.846434999743992e-7,4,0.1091,100000000,1,0.1975,50000000,Writ of Basic Malice,0.0884,0.058774999999999994,-3
Consumable,Rare,0,84895,https://render.guildwars2.com/file/2DE2D35B2A6652B798200A2BEC7CBF08213C6464/1822042.png,0,Transmutation,NA,2.461608749935998e-7,1,18.6199,100000000,2,21.9749,50000000,War God's Focus,3.3550000000000004,0.058765000000001066,1
CraftingMaterial,Basic,3,13035,https://render.guildwars2.com/file/1F60B9A81C6B7A3A225606560E55EA4B48C8EF33/63523.png,0,NA,NA,1.230804374967999e-4,500,0.012,100000000,3,0.0823,50000000,Wool Headpiece Strap,0.0703,0.057955000000000007,-497
CraftingMaterial,Basic,4,12844,https://render.guildwars2.com/file/25293101ECCA39A3A194030BD67190DE3E994DD0/63405.png,0,NA,NA,4.923217499871996e-7,2,0.0613,100000000,36,0.1398,50000000,Iron Sword Hilt,0.07850000000000001,0.057530000000000005,34
Consumable,Rare,0,92640,https://render.guildwars2.com/file/97BA05C8C75D262D08FC30B896BA4CEB4F942DA6/2242730.png,0,Transmutation,NA,2.461608749935998e-7,1,13.543,100000000,1,15.9999,50000000,Draconic Dagger Skin,2.456900000000001,0.05691500000000005,0
Consumable,Fine,2,8834,https://render.guildwars2.com/file/7EB161CC970926AF50CD0547011E7F54D35A407E/222756.png,0.4375,Utility,NA,1.230804374967999e-4,500,0.0071,100000000,197,0.0752,50000000,Potion of Flame Legion Slaying,0.06810000000000001,0.05682,-303
Consumable,Rare,5,48927,https://render.guildwars2.com/file/FFE3A6302A0409148059239E05C9064D5DAF1E04/561734.png,0,Unlock,NA,2.461608749935998e-7,1,1.2185,100000000,1,1.5,50000000,Limonite Dye,0.2815000000000001,0.056499999999999995,0
CraftingMaterial,Basic,2,13057,https://render.guildwars2.com/file/74CC2180A3354A95076248D711EF715A9339D8A9/219576.png,0,NA,NA,1.2308043749679991e-6,5,0.0052,100000000,2,0.0722,50000000,Bronze Torch Head,0.067,0.05617,-3
Consumable,Fine,4,73006,https://render.guildwars2.com/file/47E6B5D6E7F79DFD95272261F70DF19D68A0B168/1201967.png,0,Utility,NA,3.938573999897597e-6,16,0.1905,100000000,5,0.29,50000000,Thesis on Basic Strength,0.09949999999999998,0.055999999999999966,-11
CraftingMaterial,Basic,2,13106,https://render.guildwars2.com/file/E368CBB903ECF6F1EEFE63FE09F390C74A776438/63565.png,0,NA,NA,1.230804374967999e-5,50,0.01,100000000,1,0.077,50000000,Bronze Chain Chest Panel,0.067,0.05544999999999999,-49
Consumable,Masterwork,0,68625,https://render.guildwars2.com/file/3977630B7C0CE9EBA563177AD39A911893047DE7/947643.png,0,Generic,NA,7.877147999795193e-6,32,0.0736,100000000,358,0.1512,50000000,Lunar New Year Firework,0.0776,0.05492,326
CraftingMaterial,Basic,0,74763,https://render.guildwars2.com/file/2A06311AD4A97ACB09B8A2D8DEFEB8ABE6615264/219400.png,0,NA,NA,4.923217499871996e-7,2,0.2001,100000000,42,0.3,50000000,Tub of Wood Glue,0.09989999999999999,0.054900000000000004,40
CraftingMaterial,Basic,3,13118,https://render.guildwars2.com/file/35E701F7BD931D406DDB9A7511E8A858B5F927BA/222876.png,0,NA,NA,5.120146199866876e-5,208,0.0302,100000000,6,0.0997,50000000,Iron Casque Lining,0.06949999999999999,0.054544999999999996,-202
CraftingMaterial,Basic,2,12945,https://render.guildwars2.com/file/7560506A0956BE047C35624AA5D298AB4B72A654/63461.png,0,NA,NA,2.461608749935998e-7,1,0.0047,100000000,1,0.0696,50000000,Green Short-Bow Stave,0.0649,0.054459999999999995,0
CraftingMaterial,Basic,4,12862,https://render.guildwars2.com/file/EB1C07BCE542B95CD6A2CB4E4D06AF5EA0E678DD/63414.png,0,NA,NA,4.923217499871996e-7,2,0.0913,100000000,6,0.1713,50000000,Iron Hammer Head,0.08,0.054305000000000006,4
CraftingMaterial,Basic,3,12268,https://render.guildwars2.com/file/380FF9D19DAF095FD62ACBA30D210C6C6F2C1704/63342.png,0.3125,NA,NA,4.923217499871996e-7,2,0.1126,100000000,87,0.1961,50000000,Bowl of Cream Soup Base,0.08349999999999999,0.054084999999999994,85
CraftingMaterial,Basic,4,12916,https://render.guildwars2.com/file/36BB033499ED78BD0EA507C7BE9CAA64B8BDFC52/63443.png,0,NA,NA,1.7231261249551988e-6,7,0.04,100000000,1,0.109,50000000,Iron Rifle Barrel,0.069,0.052649999999999995,-6
CraftingMaterial,Basic,5,13062,https://render.guildwars2.com/file/ADF5146871C3691F23C2683C2F38779FAB02B157/219579.png,0,NA,NA,2.9539304999231977e-6,12,0.045,100000000,1,0.1147,50000000,Steel Torch Head,0.0697,0.052495,-11
CraftingMaterial,Basic,5,12895,https://render.guildwars2.com/file/63B592CA25F6274C03DC6A09B345576248A380D7/340031.png,0,NA,NA,4.9232174998719965e-6,20,0.0107,100000000,8,0.074,50000000,Small Hard Haft,0.0633,0.052199999999999996,-12
CraftingMaterial,Basic,4,12955,https://render.guildwars2.com/file/14EDBD500122F226CD230616A9913477C0BA2B5D/63464.png,0,NA,NA,7.384826249807994e-7,3,0.0461,100000000,1,0.115,50000000,Seasoned Rifle Stock,0.0689,0.05165,-2
Trophy,Rare,0,70955,https://render.guildwars2.com/file/1743F86577B7EC0880B7E9C272F1B71BDAD01CF9/219415.png,0,NA,NA,7.384826249807994e-7,3,0.1073,100000000,2,0.1868,50000000,Jungle Grass Seed,0.07949999999999999,0.05148,-1
CraftingMaterial,Basic,3,13115,https://render.guildwars2.com/file/F3C601B1F1480D05A4180C01C4277FB0AA314DB6/222872.png,0,NA,NA,1.4769652499615989e-6,6,0.025,100000000,444,0.0895,50000000,Iron Scale Chest Padding,0.0645,0.05107499999999999,438
UpgradeComponent,Masterwork,5,24798,https://render.guildwars2.com/file/7201CDC5A0FB519ECFC21C0CDBC63DED440C49A4/221121.png,0,Rune,NA,3.4216361624110376e-5,139,0.0335,100000000,1,0.0992,50000000,Minor Rune of the Elementalist,0.0657,0.05081999999999999,-138
CraftingMaterial,Basic,5,13005,https://render.guildwars2.com/file/A5B9B54CDD4E0CB543B74DC2313F655269E50693/63495.png,0,NA,NA,1.9692869999487983e-6,8,0.0024,100000000,8,0.0621,50000000,Steel Trident Head,0.0597,0.050385,0
Consumable,Masterwork,0,69774,https://render.guildwars2.com/file/013199A493B300C70224FD7AD4BE4E2CDA136E9D/951780.png,0,Unlock,NA,2.461608749935998e-7,1,0.16,100000000,27,0.2472,50000000,Parrot Mail Carrier,0.0872,0.05012,26
CraftingMaterial,Basic,4,12934,https://render.guildwars2.com/file/AE51C8C930707D58262476BB462DA24E91EBAFEF/63456.png,0,NA,NA,9.846434999743992e-7,4,0.0093,100000000,1,0.0693,50000000,Iron Horn,0.06,0.049604999999999996,-3
CraftingMaterial,Basic,0,12978,https://render.guildwars2.com/file/F4F425E82FB947C85746C222A7550FA22A02F054/63476.png,0,NA,NA,1.230804374967999e-5,50,0.002,100000000,12,0.0598,50000000,Green Scepter Rod,0.0578,0.04883,-38
CraftingMaterial,Basic,3,13037,https://render.guildwars2.com/file/1F4FEF6F41C299A7461763AC21D448464919D9B9/63525.png,0,NA,NA,3.938573999897597e-6,16,0.0356,100000000,6,0.0989,50000000,Wool Epaulet Padding,0.0633,0.048465,-10
CraftingMaterial,Basic,4,12278,https://render.guildwars2.com/file/0438FA960EC40A4E3AEEAAF718D6DAB5C3AEC4D5/219421.png,0.3125,NA,NA,4.923217499871996e-7,2,0.0517,100000000,16,0.1163,50000000,Pile of Simple Chili Seasoning,0.06459999999999999,0.047154999999999996,14
Consumable,Fine,2,8848,https://render.guildwars2.com/file/4D75F2413077590E190A0F9159CCA305EA44F3C1/222764.png,0.5,Utility,NA,1.8462065624519987e-4,750,0.016,100000000,6,0.0731,50000000,Potion of Undead Slaying,0.0571,0.046134999999999995,-744
CraftingMaterial,Basic,3,13081,https://render.guildwars2.com/file/3D1B9B1BC501DC619CFB0855CA070BAA130AF824/223030.png,0,NA,NA,2.4616087499359982e-6,10,0.0078,100000000,10,0.0615,50000000,Thin Glove Lining,0.0537,0.044474999999999994,0
Consumable,Exotic,0,83261,https://render.guildwars2.com/file/E4E77178070B5004CDFEAE0DF86EB5F5AB484A0F/1301735.png,0,Unlock,NA,2.412376574937278e-5,98,0.0105,100000000,1,0.0645,50000000,Recipes of the Dwarven Leather Trader,0.054,0.044324999999999996,-97
Consumable,Masterwork,0,69745,https://render.guildwars2.com/file/75B0F8F975120D141E501208555E34FD0808FFC9/951779.png,0,Unlock,NA,7.384826249807994e-7,3,0.1308,100000000,63,0.2055,50000000,Raven Mail Carrier,0.07469999999999999,0.043875,60
Consumable,Exotic,0,45027,https://render.guildwars2.com/file/3A41CD416501A35D06CA0E0F7ABAC1505535B02D/625763.png,0,Generic,NA,1.7231261249551988e-6,7,0.1654,100000000,1,0.2454,50000000,Twisted Watchwork Portal Device,0.08000000000000002,0.043190000000000006,-6
Trophy,Rare,0,73584,https://render.guildwars2.com/file/BDEAEB0F2A28614313386FD41E07F1D10E4B5775/455860.png,0,NA,NA,2.461608749935998e-7,1,0.3734,100000000,4,0.49,50000000,Palm Lumber Core,0.11659999999999998,0.04309999999999997,3
Gizmo,Masterwork,0,36179,https://render.guildwars2.com/file/A146C05DE3F7D9067204BD7EC80F5906B4212AE1/66608.png,0,Default,NA,1.1077239374711992e-5,45,0.0259,100000000,2,0.0799,50000000,Endless Common Clothing Tonic,0.054,0.042015000000000004,-43
CraftingMaterial,Basic,4,12994,https://render.guildwars2.com/file/050067F90FDF30567B1A4A9A15301214DDA536DF/63491.png,0,NA,NA,2.461608749935998e-7,1,0.0115,100000000,4,0.0615,50000000,Bronze Spear Head,0.05,0.04077499999999999,3
